{"cameraMode":{"drawMode":0,"name":"Shaded","section":"Shading Mode"},"sceneLighting":true,"audioPlay":false,"sceneViewState":{"m_AlwaysRefresh":false,"showFog":true,"showSkybox":true,"showFlares":true,"showImageEffects":true,"showParticleSystems":true,"showVisualEffectGraphs":true,"m_FxEnabled":true},"in2DMode":false,"pivot":{"x":0.9925005435943604,"y":1.043759822845459,"z":-0.05204439163208008},"rotation":{"x":-0.247420534491539,"y":0.2846051752567291,"z":-0.07629042863845825,"w":-0.9230237603187561},"size":0.36926814913749697,"orthographic":true}